楼盘名, 详细链接, 所属区, 详细地址,价格,单位,优惠,开盘时间
英伦华府,http://yinglunhuafu0517.fang.com/villa/,开发区,迎宾大道与合肥路交汇处南200米,4300,元/平方米,全款97折,2013年12月28日推19#、20#楼高层
金发豪苑,http://jinfahaoyuan0517.fang.com/,清河区,淮航路南侧、规划发展路西侧、市电视台广播电视大楼北侧,7700,元/平方米,全款97按揭98,2013年9月12日1-3号楼已开盘
新兴和苑,http://xinxingheyuan.fang.com/,清浦区,枚乘西路98号,3400,元/平方米,全款96按揭97,2013年5月1日一期已开盘
悦活城,http://yuehuocheng.fang.com/,开发区,深圳路北侧、经三路西侧,18000,元/平方米,无,2014-11
天和豪庭,http://tianhehaoting.fang.com/,淮阴区,长江东路38号,4500,元/平方米,特价房,2014年7月21日加推C4#楼
正中尚品,http://zhengzhongshangpin.fang.com/,开发区,迎宾大道19号,4500,元/平方米,特价房3580元,2012年8月7号楼已开盘
红杉墅,http://hongshanshu0517.fang.com/,开发区,深圳路与福州路交汇处,7000,元/平方米,138万/套,预计2015年4月开盘
永泰家园,http://yongtaijiayuan.fang.com/,清河区,青年路17号（西安路与青年路交叉口）,4600,元/平方米,4088元/㎡起,2014年1月25日加推高层16-17#楼
如意里,http://ruyili0517.fang.com/,淮安区,梁红玉路20号（经九路东侧、纬八路北侧）,5100,元/平方米,总价减5千,2013年10月06日开1#5#6#楼
龙凤旺万家,http://longfengwangwanjia.fang.com/,淮阴区,珠江路与香港路交汇处,16000,元/平方米,减2万-5万,预计2015年5月5#楼加推
润城一品,http://runchengyipin.fang.com/,清浦区,北京南路和解放西路交汇处,4100,元/平方米,全款8.8按揭9,2014年11月28日1#、2#楼首开
英伦玫瑰园,http://newhouse.huaian.fang.com/house/1826655578.htm,清浦区,淮海南路301号,5000,元/平方米,交10万减1万,2014年2月开9#17#60#楼
大胜广厦,http://dashengguangsha.fang.com/,开发区,青岛路23号（合肥路与青岛路交界处）,4200,元/平方米,特价房3088,2012年3月1日4号楼5号楼已开盘
九升国际商业广场,http://jiushengguojishangyeguangchang.fang.com/,淮安区,镇淮楼东路与东长街交汇处（原江淮旅社地块）,30000,元/平方米,全款96按揭98,2014年12月20日第2次加推
中央府邸,http://zhongyangfudi.fang.com/,淮安区,楚州大道488号（金陵名府对面）,5000,元/平方米,全款96按揭98,2014-6-1开5号楼共116套
海洲铂兰庭,http://bolantinghz.fang.com/,开发区,淮海西路165号（市三院对面）,4200,元/平方米,交500抵2万,2014年5月1日二期加推11#20#21#
中环国际广场,http://zhonghuanguojiguangchang0517.fang.com/,清河区,淮海西路93号,30000,元/平方米,商铺按揭98折,2013-6-22
金汇花园,http://jinhuihuayuan0517.fang.com/,开发区,淮海西路177号,4300,元/平方米,一成首付,2014年3月9日1#2#楼已开盘
天生赢家,http://tianshengyingjia.fang.com/,开发区,富誉路8号（富士康路以南，康马路以东，富誉路以北）,3500,元/平方米,购房送蚕丝被,2010年9月11日5-8#已开盘
壹品城邦,http://yipinchengbang.fang.com/,淮阴区,九江东路10号（华侨新苑小区东侧九江路南侧）,4500,元/平方米,总价减5000,2014年4月26日加推1#2#楼
淮海第一城,http://newhouse.huaian.fang.com/house/1826657786.htm,清河区,淮海东路126号,8400,元/平方米,97折,2012年12月8日一期开盘
金色阳光城,http://jinseyangguang0517.fang.com/,开发区,天津路与正大路交汇处（天津路东侧，正大路南侧）,4800,元/平方米,2万抵3万,2014年4月26加推15#楼
中熙凤凰城,http://fenghuangchengzx.fang.com/,淮阴区,长江东路36号（淮阴区区政府斜对面）,4650,元/平方米,优惠4万元,2014年10月1日加推18号楼
米兰花园,http://milanhuayuan0517.fang.com/,开发区,青岛路北侧、合肥路西侧,3800,元/平方米,特价房3188元,2014年9月加推9#楼
淮安人家,http://huaianrenjia.fang.com/,淮安区,翔宇大道北侧、康马路西侧,4800,元/平方米,全款93折,2013-8-20
幸福美地,http://xingfumeidi0517.fang.com/,开发区,大学城明远东路6号,4300,元/平方米,交2000抵一万,预计2015年10月首开
香水郡,http://xiangshuijun.fang.com/,开发区,汕头路6号（韩泰南路与汕头路交汇处）,4400,元/平方米,一口价3180元,2014年1月26日12号楼加推
国华御翠园,http://yucuiyuangh.fang.com/,淮阴区,曙光路西侧，樱花路南侧，市地税局东侧,5380,元/平方米,商铺减500/平,2014年4月12日推3期B3、B7、B8#
凯旋宫,http://kaixuangong0517.fang.com/,开发区,厦门路28号（翔宇大道与青岛路路交汇处）,4300,元/平方米,全款96折,2014年8月10日一期8#9#楼首开
淮安帝景蓝湾,http://dijinglanwan2.fang.com/,淮阴区,淮阴区承德北路605号（淮阴区政府东侧）,5400,元/平方米,特价3969/平,2014年7月18日加推13号18号27号
叶与城,http://yeyucheng.fang.com/,清河区,古河口大街8号,5000,元/平方米,全款98折,2013年10月27日加推5号楼
中央华府,http://zhongyanghuafu0517.fang.com/,清浦区,北京南路与明远路交汇处,3800,元/平方米,特价3428/平,2015-4-10
天润翠璟,http://tianruncuijing.fang.com/,清河区,健康西路73号（富丽花园斜对面）,5400,元/平方米,优惠5万左右,2013年1月19日加推3#楼
金凤梧桐华苑,http://wutonghuayuanjf.fang.com/,清浦区,延安西路7号。,4000,元/平方米,交5千抵1万,2014年11月29日1#、2#楼开盘
金辉城,http://jinhuicheng.fang.com/villa/,清河区,水渡口大道北转曦园街1公里,10000,元/平方米,全款97按揭98,2014年1月二期32套别墅加推
叶语香澜,http://yeyuxianglan.fang.com/,清河区,清河新区旺旺路南侧，景秀路西侧,7000,元/平方米,全款98折,2014年5月加推40套别墅
一品国际,http://yipinguoji.fang.com/,淮安区,楚州大道与永怀路交叉口,5150,元/平方米,总价减3880元,2013年12月第一次加推
红豆国际城,http://guojishangwuchenghd.fang.com/,开发区,红豆路1号,3700,元/平方米,按揭99全款98,2011年11月16日二期17号楼已开盘
东湖怡景苑,http://donghuyijingyuan.fang.com/,开发区,大连路11号,4300,元/平方米,全款93折,2014年10月底三期景园开盘
七星水岸,http://qixingshuian.fang.com/,开发区,深圳东路北侧，宁连一级公路西侧,4300,元/平方米,交2万抵5万,2014年1月19日12#17#8#楼首开
恒通大厦,http://hengtongdasha0517.fang.com/,淮阴区,淮阴区北京北路鑫源宾馆南侧,5000,元/平方米,全款97按揭99,2013年10年19日一期开盘
东城江南,http://dongchengjiangnan.fang.com/villa/,开发区,合肥南路58号,7700,元/平方米,全款96折,2013年5月24日第三次加推
锦绣山阳,http://jinxiushanyang.fang.com/,淮安区,楚州大道东侧、237省道北侧（原交警大队地铁）,5000,元/平方米,全款96按揭98,2011年10月18日首次开盘
皇冠国际,http://hairunfengjing.fang.com/,淮安区,翔宇大道与楚州大道交汇处,4700,元/平方米,按揭减30/平,2014年8月1日一期已开盘
银河湾,http://newhouse.huaian.fang.com/house/1826658144.htm,淮阴区,承德北路598号（淮阴区政府南面）,4400,元/平方米,全款95按揭97,2014年7月加推
恒荣国际广场,http://hengrongguojiguangchang.fang.com/,清河区,淮海北路105号 （淮海北路与健康东路交叉口）,9000,元/平方米,94折,2014年4月16日开盘
九龙湖金泽苑,http://jinzeyuan0517.fang.com/,开发区,正大路99号,4200,元/平方米,首付3万8,2014年6月21日加推
洪福小区三期,http://hongfuxiaoqu0517.fang.com/3/,清河区,水渡口大道50号,4000,元/平方米,全款95折,2013年6月29日一期已开盘
城置公园龙湾,http://gongyuanlongwancz.fang.com/,开发区,天津路88号（天津路大桥与正大路交汇处）,4200,元/平方米,首付5万起,2012年6月30日加推7#楼
金吉华冠苑,http://jinjihuaguanyuan.fang.com/,清浦区,延安东路南侧，石桥路西侧,,,无,2015-7月初
鼎泰公馆,http://dingtaigongguan.fang.com/,淮阴区,南昌路608号（纬五路与南昌路交汇处）,3700,元/平方米,日进百金,预计2015年7月底推22#楼高层
淮安苏宁生活广场,http://suningshenghuoguangchangha.fang.com/,清河区,淮海东路158号（淮海广场转盘东北侧）,11000,元/平方米,2万抵5万,2013年9月20日首次开盘
富仕佳苑,http://fushijiayuan0517.fang.com/,开发区,迎宾大道南侧、鸿海路东侧,3580,元/平方米,全款98按揭99,
法兰郡,http://falanjun.fang.com/,清浦区,北京南路与枚乘路交汇处(阳光湖南岸）,6500,元/平方米,按揭98全款95,2015年1月25开盘一期
秦汉华府,http://qinhanhuafu.fang.com/,淮安区,永怀东路与梁红玉路交汇处,4800,元/平方米,全款98按揭99,2015年1月开5#6#
邦德云鼎,http://yundingbd.fang.com/,淮阴区,淮阴区淮海路149-8号（淮海北路与大同路交汇处）,6750,元/平方米,无,2014年1月11日首期开盘
清江华府,http://newhouse.huaian.fang.com/house/1826658186.htm,清浦区,新民东路1号,,,交2万抵3万,预计2013年11月
京河湾公寓,http://jinghewangongyu.fang.com/,清浦区,北京南路78号柯山路口（清浦大桥南100米）,4000,元/平方米,全款97按揭98,2010年9月6日首次开盘
淮海青年城,http://huaihaiqingniancheng.fang.com/,开发区,韩泰路和汕头路交汇处,4200,元/平方米,全款95折,2014年12月9#10#11#楼已开盘
金满华府,http://jinmanhuafu.fang.com/,清浦区,淮海南路178号,4300,元/平方米,全款85按揭88,2014年1月22日一期已开盘
四季金辉,http://sijijinhui.fang.com/,清浦区,淮海南路198号（淮安日报社北侧）,4100,元/平方米,3760元/㎡起,2014年3月加推3#楼
金域华府,http://jinyuhuafu0517.fang.com/,清河区,越秀路1号（淮安国际会展中心后面）,6400,元/平方米,交6千抵6万,2014年5月18日8#9#首次开盘
清江人家,http://qingjiangrenjia.fang.com/,清浦区,淮海南路167号（淮海南路东侧、延安东路南侧、徐家湖路西侧）,5600,元/平方米,全款98按揭99,2014年9月加推2#楼
梧桐公馆,http://wutonggongguan0517.fang.com/,清河区,枚皋东路88号（新淮阴中学南侧）,5400,元/平方米,全款98折,2015年4月已加推13#14#楼
郁金蓝湾,http://yujinlanwanyuntong.fang.com/,开发区,正大路北侧、天津路东侧,3800,元/平方米,2千抵1万,2014年4月13日加推5#楼
大湖城邦花苑,http://newhouse.huaian.fang.com/house/1826658220.htm,开发区,深圳路与合肥路交界处,3700,元/平方米,全款96按揭98,2012年10月份一期开盘
万邦金地花园,http://jindihuayuanwb.fang.com/,淮阴区,长江东路105号（长江东路与承德路交汇处向东300米）,4300,元/平方米,总价减5万,2014年11月21日加推
荷湖星城,http://hehuxingcheng.fang.com/,淮安区,北门大街1号（北门大街与翔宇大道交汇处向南100米）,4800,元/平方米,1千抵1万,2014年8月24日加推5#6#
维科皇家花园,http://huangjiahuayuanwkha.fang.com/,清浦区,延安东路77号（市人防大厦对面）,8000,元/平方米,全款9折,2012年8月28日第二次加推
中天华庭,http://zhongtianhuating0517.fang.com/,清河区,清河路16号（上海路与清河路交汇处）,5500,元/平方米,全款97折,2014年12月24日第二次加推
淮安悦达广场,http://yuedaguangchangha.fang.com/,开发区,翔宇大道东侧，深圳路北侧,5500,元/平方米,全款98折,2014年11月15日加推一期3号楼
颐高广场,http://newhouse.huaian.fang.com/house/1827044086.htm,清河区,漕运东路北侧、淮海北路东侧,,,交5千抵1万,2014-8
御景城,http://yujingcheng.fang.com/,淮安区,楚涟路东侧,5750,元/平方米,总价减5000,2014-5-28二期1#2#4#5#8#11#楼
蓝庭印象,http://lantingyinxiang.fang.com/,淮阴区,淮阴区南昌路4号（樱花路与南昌路交汇处）,5600,元/平方米,清盘中,2012年10月1日加推
亚特蓝郡,http://yatelanjun.fang.com/,淮安区,长途汽车站南侧,5000,元/平方米,按揭减150/㎡,2013年5月10日一期已开盘
祥和至尊,http://xianghezhizun.fang.com/,开发区,西安北路与上海西路交汇处（锦绣国际装饰城正后面）,4600,元/平方米,一万抵一万,2015年5月15日加推5号楼11号楼
建滔裕花园,http://yuhuayuanjt.fang.com/,开发区,迎宾大道北侧、翔宇大道东侧,4500,元/平方米,交1千抵3万,预计2015年4月30日开盘
喜利达名苑,http://xilidamingyuan.fang.com/,淮阴区,南昌路与黄河路交汇处,5850,元/平方米,特价4158/平,2014年1月加推20-26#31#32#
友创南门尚城,http://nanmenshangchengyc.fang.com/,清浦区,解放西路100号（城南体育场西对面、一中东面）,5400,元/平方米,全款96折,2014年5月10日首开1#2#3#5#楼
亿源国际花园,http://guojihuayuanyy.fang.com/,淮安区,府前路11号（礼字坝翔宇大道北侧、府前路与淮恩路交汇处）,4500,元/平方米,交1万抵2万,2014年1月3#已开盘
亲爱的Town,http://changdaoyishuha.fang.com/,清河区,古淮河公园（河畔路28号）,4000,元/平方米,全款96按揭97,2011年5月1日首次开盘
旺江壹品,http://wangjiangyipin.fang.com/,开发区,明远路与通甫路交界处（实小集团天津路小学向东300米）,4400,元/平方米,全款98折,2014年2月9日第三次加推
巨一首府,http://juyishoufu.fang.com/,清河区,淮海西路109号（淮海西路与清河路交界处）,5700,元/平方米,5388元/㎡起,2013年10月1日2号楼3号楼加推
德汇公馆,http://dehuigongguan.fang.com/,淮阴区,樱花路,4950,元/平方米,交1万抵2万,2012年6月22日加推
悦城,http://yuecheng0517.fang.com/,淮阴区,黄河东路与南昌路交汇处向东100米,6000,元/平方米,交1万抵2万,2015-6-6
信达名府,http://xindamingfu.fang.com/,清河区,北京北路168号,4800,元/平方米,全款97按揭98,2014年11月2日加推4#楼
汇金豪庭,http://huijinhaoting.fang.com/,开发区,深圳路1-1号（深圳路与翔宇大道交汇处）,5300,元/平方米,特价房一口价,2013年5月2号楼加推
翰香美地,http://hanxiangmeidi.fang.com/,清河区,水渡口大道北侧浩源汽车城对面,5000,元/平方米,购房减1万5,2015年2月中旬加推11#楼
海洲朗郡,http://haizhoulangjun.fang.com/,清浦区,前进东路欧洲城沿街商业18-6号(延安路与航运路交汇处),4700,元/平方米,按揭98折,5月加推15,16#两栋高层共计234套
宙辉国际花园,http://zhouhuiguojihuayuanjl.fang.com/,淮安区,翔宇大道与楚州大道交汇处,4000,元/平方米,折后均价4700,2014年11月推8#120套
清城创意谷,http://chuangyiguqc.fang.com/,清河区,清河新区英才街8号,3700,元/平方米,购房立减一万,2015年5月26号开盘
香榭丽花苑,http://newhouse.huaian.fang.com/house/1826658340.htm,开发区,迎宾大道27号,3475,元/平方米,按揭94折,2011年月21日五期已开盘
奥体国际星城,http://aotiguojixingcheng.fang.com/,淮阴区,淮海北路565号（淮河路南侧淮海路东侧）,4200,元/平方米,交5千抵2万,2015年2月11日加推8#12#
东湖锦绣,http://donghujinxiu.fang.com/,开发区,北靠迎宾大道（原海口路），东临苏州街， 南接淮安汽车东站,3300,元/平方米,按揭99折,2015年1月开4#8#14-16#楼
中茵翰城广场,http://hanchengguangchangzy.fang.com/,开发区,天津路33号,3650,元/平方米,全款98按揭99,2014年6月21日加推6-7#楼
中科碧水豪庭,http://bishuihaotingzk.fang.com/,清河区,珠海路北侧，杭州路东侧,4500,元/平方米,购房97折优惠,2013年12月12日2-7号楼已开盘
金禾华府,http://jinhehuafu.fang.com/,开发区,厦门路2号（厦门路与南昌路交汇处）,4500,元/平方米,享87折优惠,2014年1月加推1#2#楼
东城阳光府邸,http://newhouse.huaian.fang.com/house/1826572102.htm,开发区,广州北路2号,3500,元/平方米,交1万抵4万,2010年12月23日1-3#已经开盘
瑞安花园,http://ruianhuayuan.fang.com/,淮阴区,承德北路608号（承德路西侧九江路南侧）,4200,元/平方米,总价减2.7万,2015年5月16日首开7#11#
红星国际广场,http://hongxingguojiguangchang0517.fang.com/,清浦区,淮海南路156号,5300,元/平方米,全款95按揭97,2015年2月2日一期2#楼开盘
星雨华府,http://xingyuhuafu0517.fang.com/,清河区,生态新城枚皋中路与承恩大道交汇处（新市府东南侧）,4600,元/平方米,交1万抵3万,2015年3月23日加推10#楼
中天优诗美地,http://youshimeidizt.fang.com/,清河区,珠海路1号（翔宇大道与珠海路交叉处）,7000,元/平方米,按揭96折,2013年10月一期9#楼已开盘
左岸王府,http://zuoanwangfu.fang.com/,淮阴区,南昌路与滨河路交汇处,4250,元/平方米,交5千抵2万,预计2015年8月推5#楼
欣明文锦城,http://xinmingwenjincheng.fang.com/,淮安区,淮安区翔宇大道1295号(红军小学正对面),4700,元/平方米,购房减1万,2015年1月加推B4号楼
英祥承德公馆,http://chengdegongguanyx.fang.com/,淮阴区,承德北路与珠江路交汇处,4300,元/平方米,全款97按揭98,2015年2月加推二期11#楼
友创健康城,http://litianshangchengyc.fang.com/,清浦区,柯山路56号,4000,元/平方米,全款97折,2014年10月27日加推2#楼
联众光辉乾城,http://guanghuiqianchenglz.fang.com/,淮阴区,黄河东路85号,5300,元/平方米,首付3万,2015年1月加推二期2#楼
茂华国际汇,http://guojihuimaohua.fang.com/,清河区,南昌路东水渡口大道南侧,5800,元/平方米,全款减100/㎡,2013年5月18日1#2#5#开盘
华德力运河城,http://yunhechenghdl.fang.com/,清浦区,淮海南路188号,4200,元/平方米,全款98按揭99,预计2015-4月中旬
五洲龙湾,http://wuzhoulongwan.fang.com/,淮阴区,黄河西路16号（黄河路与北京路交汇处）,5200,元/平方米,1万抵4万,2014年6月29日加推28-31号
金辉天鹅湾,http://jinhuitianewan0517.fang.com/,淮阴区,承德路东侧，长江东路南侧,4600,元/平方米,购房96折,2014年8月30日加推10#楼
北京如意国际花园,http://beijingruyiguojihuayuan.fang.com/,淮阴区,北京北路506号,5700,元/平方米,4800元/平起,2015年2月加推二期1#3#
亿丰时代广场,http://yifengshidaiguangchang2.fang.com/,开发区,迎宾大道1号（翔宇大道东侧、迎宾大道南侧）,4600,元/平方米,交2万抵5万,2012年9月16日已开盘
绿地世纪城,http://shijichengld0517.fang.com/,清河区,翔宇南道9号,4200,元/平方米,交1万享9折,2015年6月加推A区188#B区193#
亿力未来城,http://weilaichengyili.fang.com/,清河区,翔宇中道118号（翔宇大道国际会展中心旁）,5750,元/平方米,购房享94折,2014年6月15日二期加推30#32#楼
水韵天成,http://shuiyuntiancheng0517.fang.com/,清河区,和平路9号（圩北路东北侧）,6700,元/平方米,全款95按揭97,2015-05-24
中南世纪锦城,http://shijijinchengzhongnan.fang.com/,清河区,翔宇南道100号（翔宇大道西侧、怡园路南侧）,4750,元/平方米,总价减4万,2015-03-21加推17#
福晟钱隆城,http://qianlongchengfs0517.fang.com/,清河区,生态新城富城路28号,4000,元/平方米,3#楼0首付,预计2015年6月中旬15号楼加推
中交香滨国际,http://xiangbinguojizj.fang.com/,清河区,乐善路西、白云路南侧（白云路与万瑞路交汇处）,4800,元/平方米,首付2元,2015年3月28日 一期开盘
金奥国际中心,http://jinaoguojizhongxin.fang.com/,清河区,生态新城福地路与凤里路交叉口,5500,元/平方米,无优惠,2015-04-18推出1#、8#、9#
香格里拉花园,http://xianggelilahuayuan0517.fang.com/,清河区,水渡口大道28号（钵池山公园北侧）,5500,元/平方米,每平减七百,2014年5月1日加推5#11#17#20#
中天翡丽湾,http://feiliwanzt.fang.com/,清河区,清河翔宇南道99号（翔宇大道东侧、乌纱干渠北侧）,4800,元/平方米,首付3.3万起,2014年4月19 日加推11#12#楼
恒大名都,http://mingduhengda.fang.com/,清浦区,北京南路99号（清浦大桥南侧200米，小区大门北侧）,4700,元/平方米,首付1万起,2015年2月8日加推21号楼
建华观园,http://jianhuaguanyuan.fang.com/,清河区,生态新城森林公园北侧（承恩大道和海天路交汇处）,4600,元/平方米,5千抵3万,2014年9月6日1#2#4#楼首次开盘
金圆幸福城,http://xingfuchengjy.fang.com/,淮阴区,承德北路528号（承德北路与淮涟路交汇处）,5000,元/平方米,交1千抵1万,预计2015年7月1#楼开盘
融侨华府,http://rongqiaohuafu0517.fang.com/,清河区,水渡口大道99号,5000,元/平方米,满400减100,2014年11月中旬7#加推
金河国际花苑,http://guojihuayuanjh.fang.com/,清河区,西安路和上海路交汇处,4500,元/平方米,折后均价4500,2013年3月28日2#楼已开盘
广城尚书房,http://shangshufanggc.fang.com/,淮阴区,淮州中学东侧、长江西路北侧（新淮州附近）,4500,元/平方米,交1万抵2万,2015年2月推23-26#多层
荣鑫花苑,http://rongxinhuayuan0517.fang.com/,淮阴区,西安北路618号（西安北路与纬三路的交汇处）,4400,元/平方米,特价房3188,2015年2月8日加推1#楼
东城佳园,http://newhouse.huaian.fang.com/house/1826682978.htm,开发区,广州北路2号,3950,元/平方米,特价房,2013年1月2#13#14#已开盘
城开国际街区,http://guojijiequck.fang.com/,清浦区,淮海南路518号（淮海南路与横二路交汇处）,3200,元/平方米,2千抵1万,2012年11月25日一期已开盘
和达雅苑,http://hedayayuan.fang.com/,清河区,水渡口大道与合肥路交汇处,4200,元/平方米,全款89折,2011年7月3日一期已开盘
颐景雅苑,http://yijingyayuan.fang.com/,清浦区,天津路东侧延安东路北侧,5300,元/平方米,每平减200元,2010年12月28日一期已开盘
世纪佳苑,http://newhouse.huaian.fang.com/house/1826824024.htm,淮安区,关天培路北侧，经九路东侧,4680,元/平方米,总价减5千起,2006年12月一期已开盘
海润广场,http://hairunfengjingjiayuan.fang.com/,清浦区,淮海南路180号,4800,元/平方米,全款97按揭99,2013年5月26日一期已开盘
福地锦绣华庭,http://jinxiuhuatingfd.fang.com/,开发区,富士康路33号（南京路与青岛路交叉口）,3500,元/平方米,清盘一口价,2012年3月高层已开盘
一号生活大院,http://yihaoshenghuodayuan.fang.com/,清河区,清河路1号,5160,元/平方米,特价房92折,2011年03月25日第2次加推
淮安茂业时代广场,http://newhouse.huaian.fang.com/house/1827044088.htm,清河区,淮海南路,,,无,
报业新城小区,http://baoyexincheng.fang.com/,清浦区,柯山路南侧、勤政路西侧、文化路北侧、通园路东侧,4100,元/平方米,一口价3990,2014-12-22
金色罗马花苑,http://jinseluoma.fang.com/,开发区,明远路北侧、逢桥路东侧,4000,元/平方米,0首付,2014年4月26日加推小高层12#楼
建华玖珑湾,http://jianhuajiulongwan.fang.com/,淮安区,翔宇南道801号（翔宇大道路北侧、淮安森林生态公园东侧）,4800,元/平方米,按揭99折,2013年10月13日14#15#17#开盘
维科格兰公馆,http://gelangongguanwk.fang.com/,开发区,深圳路28号,4500,元/平方米,10套特价房,2014年9月1号4号楼已开盘
东冠逸轩,http://dongguanyixuan.fang.com/,开发区,深圳路5号（深圳路与无锡路交汇处）,5200,元/平方米,全款98按揭99,预计2015年5月30日开盘
蓝天学府,http://lantianxuefu.fang.com/,淮阴区,淮阴区北京东路88号,4800,元/平方米,交一千抵一万,5月首推1、4#共计214套房源
城开御园,http://chengkaiyuyuan.fang.com/villa/,清河区,水渡口大道128号,3800,元/平方米,全款98按揭99,2014-10-18第二次加推
明发摩尔城,http://mingfashangyeguangchang0517.fang.com/,开发区,威海东路南，徐州街东，厦门东路北，广州路西,3450,元/平方米,交1元抵2万,2011年9月24日二区1-2幢首开
弘辉首馥,http://honghuishoufu.fang.com/,开发区,水渡口大道22号（钵池山北门）,7300,元/平方米,买8#送车位,2015年2月16号二期1#楼开盘
郦城国际,http://lichengguoji.fang.com/,清河区,翔宇中道132号,6000,元/平方米,按揭96折,2011年10月1日加推10号楼
白鹭湖庄园,http://bailuhuzhuangyuan.fang.com/,清河区,水渡口大道105号（丰球·白鹭湖庄园会所）,3800,元/平方米,全款97按揭99,2013-12-20
云梦清河,http://yunmengqinghe.fang.com/,清河区,支十六路南侧，合肥路西侧,4600,元/平方米,交大定减1万,2014年11月中旬别墅开盘
河畔花城,http://newhouse.huaian.fang.com/house/1826572302.htm,清河区,翔宇大道西侧，天津路南侧,5300,元/平方米,全款95折,2012年7月52-61号楼已开盘
九华学府,http://jiuhuaxuefu.fang.com/,清河区,涌翠路6号（山阳湾路西、涌翠路北侧）,4700,元/平方米,97折,预计2015年6月份开盘
金润城,http://jinruncheng.fang.com/,淮阴区,北京东路89号(淮师二附小对面),5400,元/平方米,交1千抵3万,预计2015年7月5日5#7#加推
中南世纪城,http://shijichengzn0517.fang.com/,清河区,枚皋中路8号,4750,元/平方米,总价减3万,2014年11月2日加推25号楼
紫御大公馆,http://zijinghuayuan0517.fang.com/,清河区,北京北路26号（北京北路与军营路交界处）,6000,元/平方米,优惠400元/平,2013年10月20日加推4号楼
阳光广场,http://yangguangguangchang0517.fang.com/,淮安区,翔宇南道1001号（礼字坝公交站台附近）,4300,元/平方米,全款96折,2013年10月加推1#
上海新城,http://shanghaixincheng0517.fang.com/,开发区,厦门路与翔宇大道交汇处,4300,元/平方米,按揭99全款98,2012年5月6日3号楼已开盘
林语美墅,http://linyumeishu0517.fang.com/villa/,开发区,徐杨路与安澜路交汇处,6000,元/平方米,交10万抵20万,预计2015年月底开盘
锦绣国际装饰城,http://jinxiuguojizhuangshicheng.fang.com/,开发区,西安路48号,12000,元/平方米,全款95折,2014-1-11
鹏源淮安新都,http://pengyuanhuaianxindu.fang.com/,清河区,漕运西路218号,4500,元/平方米,交1万抵3万,2014年8月1日3#、5#楼开盘
江淮景城,http://jianghuaijingcheng.fang.com/,淮安区,西长街17-7号（西长南街运河嘉苑南侧）,4400,元/平方米,,2015年4月加推
南浦佳园,http://nanpujiayuan.fang.com/,清浦区,北京南路288号,3400,元/平方米,,
叶语世家,http://yeyushijia.fang.com/,清河区,北京北路与漕运西路交汇处（清河嘉园对面）,4700,元/平方米,,2014-11
蓝惠首府,http://lanhuishoufu.fang.com/,淮安区,翔宇南道803号（国际商城北侧）,4500,元/平方米,,2014年10月6日
天恒王府,http://tianhengwangfu.fang.com/,淮安区,北门大街东侧，长安路北侧，翔宇大道南侧,5600,元/平方米,,2014-10-1
富源尚城,http://fuyuanshangcheng0517.fang.com/,开发区,开发区承德路、正大路交汇处东约100米,4500,元/平方米,,2014年10月18日1-7#开盘
红豆美墅,http://hongdoumeishu.fang.com/,开发区,三亚路2号（车管所南200米）,3500,元/平方米,,2014-9-7
香缇豪庭,http://xiangtihaoting.fang.com/,开发区,迎宾大道7号,4500,元/平方米,,2014年7月6日加推20号楼
鼎立紫金花苑,http://zijinhuayuandl.fang.com/,开发区,富誉路8号（管委会北侧）,3300,元/平方米,,2014年4月6日6#8#楼开盘
清城美墅,http://qingchengmeishu.fang.com/,开发区,开发区合肥路与厦门路路口东南侧,3700,元/平方米,,2013年11月16高层、小高层加推
七星岛,http://qixingdao.fang.com/villa/,清河区,水渡口大道近宁连路,12000,元/平方米,,2013年9月8日推1#岛287套公寓
翔宇壹号,http://xiangyuyihao.fang.com/,开发区,翔宇大道与厦门路交接处,4300,元/平方米,,2013年5月18日8号楼加推
泰顺佳园,http://taishunjiayuan0517.fang.com/,清河区,西安路86号,5300,元/平方米,,2013年5月31日一期开盘
易郡龙腾,http://yijunlongteng.fang.com/,淮安区,翔宇大道999号（翔宇大道北侧、经五路东侧）,4700,元/平方米,,2012年9月30日6#首开
新维铂晶国际,http://bojingguojixw.fang.com/,开发区,迎宾大道68号（管委会东侧）,3500,元/平方米,,2012年4月28日4号楼已开盘
东方雅居,http://dongfangyaju0517.fang.com/,淮安区,淮安区楚州大道130号,,,,预计2015年6月6日推出6#7#8#
阳光湖新天地,http://yangguanghuxintiandi.fang.com/,清浦区,枚乘路与政通路交汇处（阳光湖公园南岸缔壹街）,,,,2015-6-30
江淮印象雅苑,http://jianghuaiyinxiangyayuan.fang.com/,开发区,正大路以南、合意路西、逢桥路东,,,,预计2015年5月30日 别墅首开
新天地荣府,http://xintiandirongfu.fang.com/,清河区,健康东路23号（健康路与圩北路交汇）,,,,预计2015年12月首期加推
洪福小区,http://hongfuxiaoqu20517.fang.com/,清河区,水渡口大道北侧,,,,
东冠逸品花园,http://yipinhuayuandg.fang.com/,开发区,深圳路7号,12000,元/平方米,全款98折,2012年12月21日7号楼已开盘
御景天成花苑,http://yujingtianchenghuayuan.fang.com/villa/,开发区,深圳东路111号,6000,元/平方米,全款9折,2012年1月25日加推218#、228#楼
淮安国际汽车城,http://huaianguojiqichecheng0517.fang.com/,淮阴区,淮海北路688号,12000,元/平方米,暂无,2012-1-1
和美居,http://hemeiju0517.fang.com/,开发区,深圳路15号,3700,元/平方米,交2千抵3万,2011年7月开11#楼
华谊星河,http://huayixinghe.fang.com/,淮安区,府前路66号（翔宇大道和楚州大道交汇处）,5200,元/平方米,全款95按揭97,2014年5月18日一期已开盘
华祥新绿洲,http://huaxiangxinluzhou.fang.com/,淮安区,翔宇大道南侧，经十一路东侧,4700,元/平方米,购房送电动车,2014年1月20日加推8#
海天御墅,http://haitianyushu.fang.com/,清浦区,淮海南路市车管所北500米。,4500,元/平方米,全款95按揭98,2013年10月1日一期已开盘
东湖翠景苑,http://cuijingyuandh.fang.com/,开发区,三亚路与福州路交界处,4200,元/平方米,全款98折,2013-10-01推13号楼
府升小区,http://fushengxiaoqu.fang.com/,淮阴区,长江东路北侧、银川路西侧,5400,元/平方米,暂无,2011年11月3日开盘
锦绣江南花园,http://jinxiujiangnanhuayuan.fang.com/,淮安区,翔宇南道1009号,12000,元/平方米,无,预计2010年08月21日一期首次开盘
金地商业广场,http://jindishangyeguangchang0517.fang.com/,淮安区,翔宇南道588号（河下古镇东）,25000,元/平方米,无,2013-6-8
雨润大厦,http://yurundasha.fang.com/,清河区,淮海东路、淮海南路交汇处（淮海广场中心),,,无,预计2014年
天一名都,http://tianyimingdu0517.fang.com/,开发区,承德北路72号（迎宾大道与合肥路交叉口）,4400,元/平方米,2万教育基金,2014年8月10日商铺已开盘
府山时代广场,http://shidaiguangchangfs.fang.com/,清浦区,淮海南路23号,8000,元/平方米,全款98按揭99,2013-1-6
华侨新苑,http://huaqiaoxinyuan.fang.com/,淮阴区,翔宇北道605号（九江路以南）,4600,元/平方米,优惠30/平,2012年6月1日加推2期9号楼
大长江国际家居广场,http://guojijiajuguangchangdcj.fang.com/,开发区,深圳路南侧、广州路西侧,5000,元/平方米,无,2012-8-1
藏瓏鸿基雅园,http://canglonghongjiyayaun.fang.com/,开发区,淮海西路169号,4300,元/平方米,特价4580,2012年2月19-22号楼已开盘
新世纪大厦,http://xinshijidasha.fang.com/,清河区,健康西路51号,6000,元/平方米,全款9折,2006年12月8日推2#3#楼
龙游城,http://longyoucheng.fang.com/,清河区,淮海北路东侧、体育馆北侧,,,无,待定
文华名城,http://wenhuamingcheng0517.fang.com/,淮安区,楚州大道与杜康桥路交汇处（新淮中斜对面）,5400,元/平方米,交500抵1万,2014年10月1日加推5#楼
富丽花园,http://fulihuayuan0517.fang.com/,清河区,健康西路174号,,,,
北京新村,http://beijingxincun0517.fang.com/,清河区,淮安市北京路与大治路交叉口向南,,,,
市委东大院,http://dongdayuan.fang.com/,清河区,淮安市健康路,,,,
南城小区,http://nanchengxiaoqu0517.fang.com/,清浦区,清浦区清浦大桥南100米柯山路南侧,,,,
富春花园,http://fuchunhuayuan0517.fang.com/,清浦区,淮安市解放东路,,,,
剑桥佳苑,http://jianqiaojiayuan0517.fang.com/,清浦区,清浦区明远路与天津路交汇处,,,,
浦东花园,http://pudonghuayuan0517.fang.com/,清浦区,解放东路58号,,,,
化工新村,http://huagongxincun0517.fang.com/,清浦区,清浦区解放西路南侧,,,,
万达广场一期,http://wandaguangchangyiqi.fang.com/,清河区,水渡口,,,,
新新家园,http://xinxinjiayuan0517.fang.com/,清浦区,清浦区延安东路南侧,,,,
华能小区,http://huanengxiaoqu0517.fang.com/,清河区,淮海西路97,,,,
东方丽景,http://dongfanglijing0517.fang.com/,清河区,水渡口大道北侧,,,,
楚州淮上人家,http://huaishangrenjiacz.fang.com/,淮安区,华西路15号（淮城镇华西路北侧）,4900,元/平方米,交2万抵3万,2013年10月06日一期已开盘
众城名府,http://newhouse.huaian.fang.com/house/1826658938.htm,清浦区,北京南路12号（北京南路与解放西路交汇处）,4700,元/平方米,全款98折,2013年10月二期开盘
华富汇,http://huafuhui.fang.com/,开发区,迎宾大道鸿海路交汇处(富士康对面),3500,元/平方米,特价房2988,2011年7月16日二期已开盘
御水天成,http://yushuitiancheng.fang.com/,淮安区,友谊西路18号（友谊路北侧、棉纺织厂南侧）,4300,元/平方米,定房减2-3万,2011-3-20
东方希尔顿,http://dongfangxierdun.fang.com/,淮安区,永怀东路2号（纬七路南、楚州大道东）,5000,元/平方米,一次性96折,2009年10月28日一期已开盘
学府69街二期,http://xuefu69jie.fang.com/2/,开发区,柯山路南侧、合意路东侧,4000,元/平方米,特价房3600起,2014年4月5日加推1#楼
维多莉雅花苑,http://newhouse.huaian.fang.com/house/1826825742.htm,开发区,福州路青岛路交界,4000,元/平方米,分期首付,2011年9月15日开3#4#楼
伊美翡翠城,http://feicuichengym.fang.com/,清浦区,延安西路198号（北京南路延安西路交汇处）,4500,元/平方米,无,2014-12-22
东湖怡景苑三期景园,http://donghuyijingyuan.fang.com/3/,开发区,大连路11号,4800,元/平方米,按揭95全款93,预计2014年11月加推3幢花园洋房
天香幸福墅,http://tianxiangxingfushu.fang.com/,开发区,深圳路与南京路交汇路,7500,元/平方米,全款9折,2014年10月10日推50套别墅
禧徕乐国际商贸城,http://newhouse.huaian.fang.com/house/1827044222.htm,清浦区,枚皋路8号（汽车南站西侧）,,,无,2011年10月29日开5156套
天润和府,http://tianrunhefu.fang.com/,清浦区,淮海南路288号,4500,元/平方米,全款97按揭98,2014年6月8日加推1#2#楼
东风花园,http://dongfenghuayuan0517.fang.com/,清浦区,清浦区延安东路北侧,,,,
东方花园,http://dongfanghuayuan0517.fang.com/,清浦区,解放东路88号,,,,
天山华庭,http://tianshanhuating0517.fang.com/,清河区,淮海北路,,,,
龙门之都,http://longmenzhidu.fang.com/,开发区,翔宇大道112号,,,,
金鼎御庭,http://jindingyuting.fang.com/,清河区,清河区淮海西路127号,,,,
金樽国际,http://jinzunguoji0517.fang.com/,清浦区,解放东路与承德南路交界处,,,,
黄元小区,http://huangyuanxiaoqu0517.fang.com/,开发区,清河新区深圳东路,,,,
华城小区,http://huachengxiaoqu0517.fang.com/,清浦区,淮海南路12号,,,,
丹桂苑,http://danguiyuan0517.fang.com/,清河区,承德北路222号,,,,
健康新村,http://jiankangxincun0517.fang.com/,清河区,清河区健康东路,,,,
凤凰新村,http://fenghuangxincun0517.fang.com/,清浦区,清河区上海路,,,,
富豪花园南区,http://fuhaohuayuannanqu.fang.com/,淮阴区,黄河西路,,,,
文庙新天地,http://wenmiaoxintiandi.fang.com/,清浦区,承德南路楚秀园北大门,,,,
万达广场二期,http://wandaguangchang0517.fang.com/2/,清河区,水渡口,,,,
荷花池小区,http://hehuachi0517.fang.com/,清浦区,人民南路2号,,,,
东湖望景苑,http://wangjingyuandh.fang.com/,开发区,珠海路103号,,,,
新民小区,http://xinminxiaoqu0517.fang.com/,清浦区,承德南路57号,,,,
旺旺家缘,http://wangwangjiayuan0517.fang.com/,开发区,清河区丰收河以北,杭州路西侧,,,,
深圳小区,http://shenzhenxiaoqu0517.fang.com/,开发区,淮安市经济开发区经二路,,,,
黄河花园,http://huanghehuayuan0517.fang.com/,淮阴区,淮阴区黄河东路7号,,,,
前进小区,http://qianjinxiaoqu0517.fang.com/,清浦区,前进路3号,,,,
东城E-house,http://dongchengehouse.fang.com/,开发区,天津路33号（承德南路与枚皋路交界处）,4000,元/平方米,按揭99折,2014年3月22日一期已开盘
8090青年公寓,http://8090qingniangongyu.fang.com/,开发区,迎宾大道与合肥南路交界处,3800,元/平方米,10套特价房,2011年3月6-8#已开盘
淮安现代国际新城,http://newhouse.huaian.fang.com/house/1827044124.htm,清浦区,北京南路与枚乘路交叉口,13500,元/平方米,按揭99折,2011-11-8
福地清华苑,http://qinghuayuanfudi.fang.com/,开发区,大连路南侧、南京路西侧,4400,元/平方米,全款97按揭98,2014-1-10
燕上私语,http://yanshangsiyu.fang.com/,开发区,南京路与三亚路交汇处,4200,元/平方米,全款95按揭96,2013年10月13日首次开盘
天元阳光苑,http://yangguangyuanty.fang.com/,清浦区,柯山路19号（柯山路与政通路交汇处）,4300,元/平方米,全款98折,2013年6月第二次加推
浙大网新淮安科技园,http://kejiyuanzhedawangxin.fang.com/,开发区,枚皋路5号（淮安软件园东侧）,4500,元/平方米,无,2014年2月开盘
科安国际花园,http://keanguojihuayuan.fang.com/,开发区,广州路和迎宾大道交接处,3699,元/平方米,,预计2015年6月初一期开盘
利苑新村,http://liyuanxincun0517.fang.com/,清河区,清河区上海路和利苑路交界处,,,,
中天虹桥花园,http://hongqiaohuayuanzt.fang.com/,清河区,淮海北路149号,,,,
南方花园,http://nanfanghuayuan0517.fang.com/,开发区,开发区飞耀南路,,,,
万达广场公寓,http://wandaguangchanggongyu0517.fang.com/,清河区,水渡口,,,,
益兴名流花苑,http://mingliuhuayuanyx.fang.com/,清河区,军营西路,,,,
盛世豪庭,http://shengshihaoting0517.fang.com/,楚州,楚州大道苏源宾馆东侧,,,,
国华御锦园,http://yujinyuangh.fang.com/,淮阴区,樱花路北侧，曙光路西,,,,
青春雅轩,http://qingchunyaxuan.fang.com/,开发区,韩泰南路18号（4路车科创中心下车即到）,,,,
水渡新村,http://shuiduxincun.fang.com/,清河区,清河区翔宇北道东侧,,,,
清晏小区,http://qingyanxiaoqu.fang.com/,清浦区,清浦区人民南路,,,,
东昇花园,http://dongshenghuayuan0517.fang.com/,淮阴区,淮阴区北京东路98号,,,,
富春小区,http://fuchunxiaoqu.fang.com/,清浦区,淮安市清浦区解放东路87号,,,,
书香华庭,http://shuxianghuating0517.fang.com/,清浦区,前进东路128号,,,,
南洋花园,http://nanyanghuayuan0517.fang.com/,淮阴区,淮安市北京东路153号（淮阴区妇幼保健院对面）,,,,
水岸名宅,http://shuianmingzhai.fang.com/,清河区,清河区承德北路西侧,,,,
富淮园,http://fuhuaiyuan0517.fang.com/,清河区,清河区健康东路,,,,
世袭雅园,http://shixiyayuan.fang.com/,开发区,韩泰北路8号,,,,
市委北大院,http://shiweibeidayuan.fang.com/,清河区,淮海北路，淮安迎宾馆北侧,,,,
天龙御城,http://tianlongyucheng.fang.com/,清河区,淮海南路158号（淮海路与延安路交汇处）,,,,
玫瑰苑,http://meiguiyuan0517.fang.com/,清河区,上海西路42号,,,,
江淮人家,http://jianghuairenjia.fang.com/,淮阴区,淮阴区北京北路与北京西路交界处,,,,
新港小区,http://xingangxiaoqu0517.fang.com/,清河区,清河区淮海西路272号,,,,
运河新村,http://yunhexincun0517.fang.com/,清浦区,前进路7号,,,,
淮钢大厦,http://huaigangdasha0517.fang.com/,清浦区,淮海南路129,,,,
中鑫上城,http://zhongxinshangcheng.fang.com/,清河区,淮安市健康路与承德路交叉（易初莲花对面）,,,,
永和家园,http://yonghejiayuan0517.fang.com/,清河区,淮海西路268号,,,,
清新花苑,http://qingxinhuayuan0517.fang.com/,开发区,淮安经济开发区广州路与徐州路交界处,,,,
盛华和美居,http://hemeijush.fang.com/,开发区,淮安经济开发区深圳路与南京路交界处,,,,
城中花园,http://chengzhonghuayuan20517.fang.com/,淮阴区,淮阴区北京东路57号,,,,
金佳园,http://jinjiayuan0517.fang.com/,清河区,八二路62号,,,,
新华苑,http://xinhuayuan0517.fang.com/,清河区,丰登路8,,,,
北京花园,http://beijinghuayuan0517.fang.com/,清河区,中径路,,,,
市委西大院,http://xidayuan.fang.com/,清河区,淮安市健康西路,,,,
亿鑫花苑,http://yixinhuayuan0517.fang.com/,开发区,经济开发区深圳路26号,,,,
长江路小区,http://changjiangluxiaoqu.fang.com/,淮阴区,淮阴区长江东路,,,,
石塔湖小区,http://shitahuxiaoqu0517.fang.com/,清河区,上海路南,,,,
文沁园,http://wenqinyuan0517.fang.com/,清浦区,人民南路109号,,,,
环城小区,http://huanchengxiaoqu0517.fang.com/,清浦区,环城西路北侧,,,,
瑞福莱花园,http://ruifulaihuayun.fang.com/,清浦区,淮海南路解放东路57号,,,,
电厂河小区,http://dianchanghexiaoqu.fang.com/,清浦区,淮三路电厂河西侧,,,,
东方明珠花园,http://dongfangmingzhu0517.fang.com/,开发区,珠海路5号,,,,
盛华心港湾花苑,http://shenghuaxingangwan.fang.com/,开发区,深圳路南侧济南路西侧,,,,
苹果国际公寓,http://pingguoguojigongyu.fang.com/,清河区,淮安市淮海西路与北京北路交叉口（市政公园南）,,,,
旺旺家园,http://wangwangjiayuan2.fang.com/,清河区,杭州路8号,,,,
威海花园,http://weihaihuayuan0517.fang.com/,开发区,威海路188号,,,,
城东花园,http://chengdonghuayuan0517.fang.com/,开发区,开发区富准路79号,,,,
书香门第,http://shuxiangmendi0517.fang.com/,清河区,淮城镇城东乡,,,,
清隆家园,http://qinglongjiayuan.fang.com/,开发区,淮安市清河新区,,,,
淮海花园,http://huaihaihuayuan0517.fang.com/,清河区,承德北路58号,,,,
富康园,http://fukangyuan0517.fang.com/,清浦区,港口路6号,,,,
建业小区,http://jianyexiaoqu0517.fang.com/,清河区,健康西路,,,,
新淮中花园,http://xinhuaizhonghuayuan2.fang.com/,清浦区,淮安市解放路南侧,,,,
爱琴海花园,http://aiqinhaihuayuan0517.fang.com/,淮阴区,樱花路169号（樱花路与曙光路交汇处新长征小学对面）,,,,
御花园,http://yuhuayuan0517.fang.com/,淮阴区,淮阴区北京东路与曙光路交界处,,,,
幸福新苑,http://xingfuxinyuan0517.fang.com/,淮阴区,淮阴区,,,,
建设小区,http://jianshexiaoqu0517.fang.com/,清河区,清河区中经路32号,,,,
运河城逸翠园,http://yunhechengyicuiyuan.fang.com/,清浦区,淮海南路西侧 柯山路南侧,,,,
供电南院,http://gongdiannanyuan.fang.com/,清浦区,淮海南路134-1号,,,,
清纤小区,http://qingxianxiaoqu.fang.com/,清浦区,延安西路南侧,,,,
乐园小区,http://leyuanxiaoqu0517.fang.com/,清浦区,西大街南侧 人民路东侧,,,,
富豪花园北区,http://fuhaohuayuanbeiqu.fang.com/,淮阴区,黄河西路,,,,
桃李花园,http://taolihuayuan0517.fang.com/,淮阴区,淮阴区长江西路,,,,
金都花园,http://jinduhuayuan0517.fang.com/,淮阴区,淮阴区翔宇北道东侧,,,,
盛祥苑,http://shengxiangyuan.fang.com/,淮阴区,淮阴区黄河东路南侧,,,,
国税公寓,http://guoshuigongyu.fang.com/,淮阴区,淮阴区承德北路,,,,
安涉桥小区,http://ansheqiaoxiaoqu.fang.com/,清河区,淮海路与承德路交界处,,,,
市委南大院,http://shiweinandayuan0517.fang.com/,清河区,健康西路29,,,,
财富广场,http://caifuguangchang0517.fang.com/,清浦区,淮海南路1号,,,,
联盛国际广场,http://lianshengguojiguangchang.fang.com/,清浦区,淮海南路105号,,,,
机关一号生活大院,http://jiguanyihaoshenghuodayuan.fang.com/,清河区,淮安市清河路一号,,,,
紫荆苑,http://zijingyuan0517.fang.com/,开发区,深圳路30号,,,,
晓庄教师公寓,http://xiaozhuangjiaoshigongyu.fang.com/,开发区,汕头路30号（4路公交底站）,,,,
兴宇世纪名都,http://shijimingduxy.fang.com/,洪泽县,东三街东侧东五道西侧,,,,
威海小区,http://weihaixiaoqu0517.fang.com/,开发区,淮安经济技术开发区威海路北侧深圳路南侧,,,,
通胜花园,http://tongshenghuayuan0517.fang.com/,淮阴区,淮阴区通胜西路2号,,,,
曙光翠景美墅,http://shuguangcuijingmeishu.fang.com/,淮阴区,淮阴区曙光路,,,,
樱花艺墅,http://yinghuayishu.fang.com/,淮阴区,淮阴区翔宇北道,,,,
锦阳花园,http://jinyanghuayuan0517.fang.com/,淮阴区,淮阴区西安北路,,,,
乐园步行街,http://leyuanbuxingjie.fang.com/,清河区,清河区,,,,
和平新村,http://hepingxincun0517.fang.com/,清河区,淮海东路与承德南路交界处,,,,
富华园,http://fuhuayuan0517.fang.com/,清河区,上海路南 利苑路8号附近,,,,
京河湾,http://jinghewan0517.fang.com/,清浦区,淮安市北京南路克山路口（清浦大桥南100米）,,,,
淮阴中学教职工宿舍,http://huaiyinzhongxuejiaozhigongsushe.fang.com/,清浦区,清浦区西大街174号,,,,
运河家苑,http://yunhejiayuan2.fang.com/,清浦区,清浦区承德南路,,,,
新民新村,http://xinminxincun0517.fang.com/,清浦区,承德南路与新民东路交界处,,,,
锦江花园,http://jinjianghuayuan0517.fang.com/,清浦区,淮海南路水门桥东南侧,,,,
阳光现代城,http://xiandaichengyg.fang.com/,楚州,楚州区翔宇南道001号,,,,
新世纪城市花园,http://xinshijichengshihuayuan.fang.com/,清河区,大运河广场西侧,,,,
肉联厂宿舍,http://roulianchangsushe0517.fang.com/,清浦区,解放东路南侧承德南路西侧,,,,
城中花苑,http://chengzhonghuayuan0517.fang.com/,清浦区,清浦区财富广场南侧,,,,
星光苑,http://xingguangyuan0517.fang.com/,淮阴区,北京北路,,,,
国贸大厦,http://guomaodasha0517.fang.com/,清浦区,东大街,,,,
四季华庭,http://sijihuating0517.fang.com/,盱眙县,金源北路15号,,,,
汇达花园,http://huidahuayuan0517.fang.com/,淮阴区,淮阴区翔宇北道与珠江路交界处,,,,
承德府,http://chendefu0517.fang.com/,淮阴区,淮阴区承德北路西侧,,,,
加州城B区,http://jiazhouchengbqu.fang.com/,清河区,淮海西路北侧,,,,
西园小区,http://xiyuanxiaoqu0517.fang.com/,清河区,淮海西路与北京北路交界处,,,,
淮航小区,http://huaihangxiaoqu0517.fang.com/,清河区,清河北路15号,,,,
府景园,http://fujingyuan0517.fang.com/,清河区,清河区建设路11号,,,,
白鹭花园,http://bailuhuayuan0517.fang.com/,清河区,和平路25号,,,,
柯山花园,http://keshanhuayuan0517.fang.com/,清浦区,清浦区淮海南路东侧 正大路北侧,,,,
一院宿舍,http://yiyuansushe0517.fang.com/,淮阴区,北京西路5号,,,,
康城明珠北区,http://kangchengmingzhubeiqu.fang.com/,清河区,清河区健康东路北侧,,,,
北新村,http://beixincun.fang.com/,清河区,承德北路139号,,,,
健康新村东村,http://jiankangxincundongcun.fang.com/,清河区,清河区翔宇北道东侧,,,,
承德公寓,http://chengdegongyu0517.fang.com/,清河区,清河区承德北路,,,,
九龙花苑,http://jiulonghuayuan0517.fang.com/,清河区,桑园路1号,,,,
华都公寓,http://huadugongyu0517.fang.com/,清河区,清河区淮海西路北侧,,,,
丰登苑,http://fengdengyuan.fang.com/,清河区,丰登路40号,,,,
环美小区,http://huanmeixiaoqu.fang.com/,清河区,淮海东路南 圩北路西,,,,
明光花园,http://mingguanghuayuan0517.fang.com/,清浦区,淮海南路东侧 正大路南侧,,,,
冶金大院,http://yejindayuan0517.fang.com/,清浦区,清浦区北京南路西侧,,,,
文颐园,http://wenyiyuan0517.fang.com/,清浦区,人民南路94,,,,
庆荷楼,http://qinghelou.fang.com/,清浦区,人民南路2号S-106,,,,
二院宿舍,http://eryuansushe0517.fang.com/,清浦区,淮海南路60号,,,,
怡景园,http://yijingyuan20517.fang.com/,清浦区,清浦区正大路南侧 淮海南路东侧,,,,
康居名城,http://kangjumingcheng.fang.com/,清浦区,淮海南路西侧 兴淮西路北侧,,,,
前进路教师新村,http://qianjinlujiaoshixincun.fang.com/,清浦区,清浦区前进西路北侧,,,,
富淮小区,http://fuhuaixiaoqu.fang.com/,清浦区,人民南路159,,,,
加州城A区,http://jiazhouchengaqu.fang.com/,清河区,淮海西路,,,,
七九大院,http://qijiudayuan.fang.com/,清河区,清河路,,,,
航运新村,http://hangyunxincun0517.fang.com/,清浦区,延安东路南侧天津路东侧,,,,
维科·皇家花园,http://huangjiahuayuanwk2.fang.com/,清浦区,延安东路77号,,,,
广厦公寓,http://guangshagongyu0517.fang.com/,清浦区,承德南路20号,,,,
清浦区委宿舍,http://qingpuquweisushe.fang.com/,清浦区,新民东路33号,,,,
金伦·汇锦园,http://huijinyuanjl.fang.com/,清浦区,承德南路118号,,,,
汇丰园,http://huifengyuan0517.fang.com/,清河区,上海路,,,,
淮钢小区,http://huaigangxiaoqu0517.fang.com/,清浦区,解放东路2,,,,
新盛小区,http://xinshengxiaoqu0517.fang.com/,清河区,青年路,,,,
建工一村,http://jiangongyicun.fang.com/,清河区,淮海西路103号,,,,
北京公寓,http://beijinggongyu0517.fang.com/,清河区,中径路,,,,
银都商城,http://yindushangcheng.fang.com/,清浦区,清浦区东大街,,,,
翡翠城花园小区,http://feicuicheng0517.fang.com/,清河区,城东乡南窑村,,,,
一品华庭,http://yipinhuating0517.fang.com/,楚州,淮安楚州城西北路72号,,,,
四季花园,http://sijihuayuan0517.fang.com/,淮阴区,淮海北路548号,,,,
中亿清河嘉园,http://qinghejiayuanzy.fang.com/,清河区,北京北路199号（原机器厂地块）,,,,
东方曼哈顿大厦,http://dongfangmanhuadundasha.fang.com/,开发区,深圳路11号,,,,
优山华庭,http://youshanhuating.fang.com/,开发区,淮安开发区珠海路与苏州路交叉路口,,,,
比佛利,http://bifoli.fang.com/,开发区,南昌路与珠海路交汇处,,,,
新强花园,http://xinqianghuayuan.fang.com/,开发区,经济开发区安澜南路与和畅路交汇处,,,,
玫苑轩,http://meiyuanxuan.fang.com/,开发区,开发区汕头路36号,,,,
南京路小区,http://nanjingluxiaoqu0517.fang.com/,开发区,淮安经济开发区南京路,,,,
比佛利,http://bifoli0517.fang.com/,开发区,淮安经济开发区南昌路与珠海路交汇处,,,,
世袭领地,http://shixilingdi0517.fang.com/,开发区,淮安经济开发区南昌路与珠海路交汇处,,,,
东湖豪庭,http://donghuhaoting0517.fang.com/,开发区,开发区珠海路,,,,
阳光花园春竹苑,http://yangguanghuayuanchunzuyuan.fang.com/,淮阴区,淮阴区黄河东路与银川路交界处,,,,
黄河花园前进小区,http://huanghehuayuanqianjinxiaoqu.fang.com/,淮阴区,淮阴区前近街17-5号附近,,,,
新苑逸城,http://xinyuanyicheng.fang.com/,清河区,北京路淮阴工学院对面,,,,
依云法国小城,http://yiyunfaguoxiaocheng.fang.com/,淮阴区,淮海北路东侧的盐河广场东侧,,,,
畅春园,http://changchunyuan0517.fang.com/,开发区,汕头路与福州路交汇处(开发区公安分局对面),,,,
书香名苑,http://shuxiangmingyuan0517.fang.com/,淮阴区,沈阳路·淮海中学对面,,,,
怡和苑,http://yiheyuan0517.fang.com/,涟水县,淮浦路东淮河路南,,,,
钵池山花园,http://bochishanhuayuan.fang.com/,开发区,淮安市开发区南京路,,,,
水沐楼台,http://shuimuloutai.fang.com/,开发区,威海路北侧109号,,,,
小康城,http://xiaokangcheng0517.fang.com/,开发区,经济开发区小康城,,,,
三民小区,http://sanminxiaoqu0517.fang.com/,淮阴区,淮阴区长江东路与淮海北路交界处,,,,
东方家园,http://dongfangjiayuan20517.fang.com/,淮阴区,淮阴区翔宇北道与北京东路交界处,,,,
世纪苑,http://shijiyuan0517.fang.com/,淮阴区,北京东路10号附近,,,,
建行宿舍,http://jianhangsushe0517.fang.com/,清河区,富北路4号,,,,
东一区小区,http://dongyiquxiaoqu.fang.com/,清河区,健康东路118号,,,,
温州花园,http://wenzhouhuayuan0517.fang.com/,清河区,健康东路与圩北路交界处,,,,
华夏家园,http://huaxiajiayuan0517.fang.com/,清河区,承德北路东侧,,,,
红树小区,http://hongshuxiaoqu.fang.com/,清河区,丰登路42号,,,,
工学院宿舍,http://gongxueyuansushe0517.fang.com/,清河区,清河区大治西路,,,,
淮安市公安局西安路宿舍区,http://gonganjuxianlusushe.fang.com/,清河区,西安北路西侧 健康西路南侧,,,,
清河区上海花园,http://qinghequshanghaihuayuan.fang.com/,清河区,清河区青年路8号,,,,
大桥新村,http://daqiaoxincun0517.fang.com/,清浦区,清浦区前进东路,,,,
繁荣新村,http://fanrongxincun.fang.com/,清河区,清河路,,,,
新东南公寓,http://xindongnangongyu.fang.com/,清河区,健康西路150-2,,,,
盐河花园,http://yanhehuayuan.fang.com/,淮阴区,淮阴区北京西路,,,,
石化新村,http://shihuaxincun0517.fang.com/,清浦区,城西路东侧,,,,
浦南丽景,http://punanlijing.fang.com/,清浦区,武墩镇武林路8号,,,,
十排房花苑,http://shipaifanghuayuan.fang.com/,清河区,淮海西路南侧西安路东侧,,,,
金桂陶然居,http://taoranjujg.fang.com/,盱眙县,金桂大道东侧,,,,
逸景园,http://yijingyuan0517.fang.com/,开发区,纬一路,,,,
成业花园小区,http://chengyehuayuan0517.fang.com/,开发区,汕头路38号,,,,
楚州农副产品批发市场,http://nongfuchanpinpifashichang.fang.com/,楚州,翔宇大道和城西大道交汇处,,,,
金莺华庭,http://jinyinghuating.fang.com/,楚州,楚州大道东侧、华西路北侧,,,,
新湖翔宇花园,http://xiangyuhuayuanxh.fang.com/,淮安区,关天培路136号,,,,
奇祥苑,http://qixiangyuan.fang.com/,开发区,汕头北路18-1号,,,全款86按揭88,2011-12-2
爱琴海,http://newhouse.huaian.fang.com/house/1826658744.htm,淮阴区,樱花路169号（樱花路与曙光路交汇处新长征小学对面）,5000,元/平方米,无,2011-11-01
东湖嘉景,http://donghujiajing.fang.com/,开发区,达方路与安澜路交汇处,3400,元/平方米,全款98折,2011年11月3-8号楼已开盘
桃源居,http://taoyuanju0517.fang.com/,清河区,健康西路148-3号,6000,元/平方米,全款95折,2011年11月份
盛元名邸,http://shengyuanmingdi.fang.com/,开发区,无锡路58号,7600,元/平方米,全款97折,2011-9-15
国信金河世家,http://jinheshijiaguoxin.fang.com/,淮阴区,沈阳路东侧，废黄河风光带北侧,8000,元/平方米,全款97折,2011-08
东方康桥,http://newhouse.huaian.fang.com/house/1826680298.htm,淮安区,铁云路和翔宇大道交汇处,4000,元/平方米,,
文馨苑小区,http://wenxinyuanxiaoqu.fang.com/,清河区,军营西路22号北侧,5300,元/平方米,,
金陵华府,http://jinlinghuafu.fang.com/,淮安区,范集镇育才路东侧，永安路北侧,2800,元/平方米,,2011年7月28日一期已开盘
台北City不夜城,http://taibeibuyecheng.fang.com/,清浦区,环城东路西侧原工人文化宫,34,万元/套,,2011-06-26
多瑙河国际公寓,http://duonaoheguojigongyu.fang.com/,淮阴区,长江西路南侧北京北路东侧,5000,元/平方米,总价减2000,
弘瑞冠邸,http://hongruiguandi.fang.com/,淮安区,城西南路与镇一品梅路交汇处,4000,元/平方米,无,2011-01-08
天力熙园,http://tianlixiyuan.fang.com/,清河区,淮海西路125号,,,,
葵花新寓,http://kuihuaxinyu.fang.com/,开发区,葵花大道与天泉路交汇处,,,,
森海豪庭,http://senhaihaoting0517.fang.com/,盱眙县,马坝镇街道（原食品站）,,,,
龙港花园城,http://longganghuayuancheng.fang.com/,金湖县,建设西路北侧、新兴路东侧,,,,
金浦花园,http://jinpuhuayuan0517.fang.com/,金湖县,人民路188号,,,,
水沐楼台公寓,http://shuimuloutaigongyu.fang.com/,开发区,威海路北侧109号,,,,
淮安中天花园,http://zhongtianhuayuanha.fang.com/,清河区,健康西路158号,14000,元/平方米,商铺立减50万,2014年10月20日加推25#
翠湖1号,http://cuihu1hao.fang.com/,清河区,淮安市清河新区水渡口大道,6000,元/平方米,交5万抵7万,2014-6-15开14套商铺
恒和杰座,http://henghejiezuo.fang.com/,清浦区,延安东路60号（承德路与延安路交叉口）,5200,元/平方米,,2011-01-01
中瑞大厦,http://zhongruidasha.fang.com/,清河区,爱民路以北、电机路以西,5400,元/平方米,,
帝景豪庭,http://newhouse.huaian.fang.com/house/1826658582.htm,淮阴区,承德北路559号（承德路与北京东路交汇处）,30000,元/平方米,全款94按揭95,2010-12-5
琥珀美墅,http://hupomeishu.fang.com/villa/,开发区,合肥南路,5700,元/平方米,,2010年12月首次开盘
洪泽金旺人民广场,http://hzjwrmgc.fang.com/,洪泽县,人民广场,4200,元/平方米,,2010-12-31
八亭桥河滨花园,http://batingqiaohebinhuayuan.fang.com/,开发区,翔宇大道西侧,4300,元/平方米,,2010-11-18
华都名邸,http://newhouse.huaian.fang.com/house/1826745986.htm,清浦区,承德南路99号,6300,元/平方米,,2010-10-23
迎春嘉园,http://newhouse.huaian.fang.com/house/1826680258.htm,淮阴区,沈阳路地税局北200米,4800,元/平方米,购房送车位,2010年10月开盘1号商住楼
英伦国际花园,http://yinglunguojihuayuan.fang.com/,淮安区,建淮乡经一路东 曙光路西,3200,元/平方米,两万抵三万,2013年10月加推6-11#
宝岛花园,http://baodaohuayuan0517.fang.com/,开发区,苏州路29号（机场路北侧，苏州路东侧）,14500,元/平方米,,2013年6月别墅已开盘
大河新城,http://dahexincheng.fang.com/,清河区,西安路9号,9500,元/平方米,无,2013-06-20
蓝岳学府,http://lanyuexuefu.fang.com/,清河区,北京北路99号,5100,元/平方米,,2013-05-20
新维中央美地,http://zhongyangmeidixw.fang.com/,开发区,明远东路6号（近淮海南路工学院）,,,无,2013年3月23日加推17#楼
银河公馆,http://yinhegongguan.fang.com/,淮安区,城西干道西侧、翔宇大道南侧,4400,元/平方米,,2013年2月10日一期已开盘
樱花小区,http://newhouse.huaian.fang.com/house/1826572142.htm,淮阴区,樱花路67——69号（樱花园北、沈阳路西）,5500,元/平方米,总价优惠2万4,2013-1
青春雅轩二期,http://qingting.fang.com/,开发区,韩泰南路18号,4200,元/平方米,一口价29.8万,2012年11月18日开盘一期
东方花苑,http://dongfanghuayuanha.fang.com/,清浦区,轮埠路5号,5300,元/平方米,按揭99折,2012年9月1日开盘一期
盛和名都,http://newhouse.huaian.fang.com/house/1826675858.htm,清河区,健康东路27号,6200,元/平方米,5880元/平,2012年7月三期开盘
文苑小区,http://wenyuanxiaoqu0517.fang.com/,清河区,大治路北侧，电视台西侧,6200,元/平方米,全款94折,
学林雅苑,http://xuelinyayuan0517.fang.com/,开发区,明远路8号（淮安信息职业技术学院对面）,4150,元/平方米,全款97折,2012年6月21日42幢已经开盘
维科格兰花园,http://gelanhuayuanwk.fang.com/villa/,开发区,深圳路28号,218,万元/套,218万/套,2012-5-18
淮安万达广场,http://wandaguangchang0517.fang.com/,清河区,水渡口,6000,元/平方米,,2010-6-10
奥林晴园,http://newhouse.huaian.fang.com/house/1826571824.htm,清河区,健康西路176号,4000,元/平方米,,2012-3-10
梧桐苑,http://wutongyuan0517.fang.com/,清河区,新城福地路南侧，四馆东侧,4400,元/平方米,,2012-3-10
凤凰城小区,http://fenghuangchengxiaoqu.fang.com/,淮安区,复兴镇政府南侧,2300,元/平方米,,2012年2月
清河城市广场,http://chengshiguangchangqh.fang.com/,清河区,北京北路167号(上海路、北京路交叉口),4800,元/平方米,,2012-1
黄河人家,http://huangherenjia.fang.com/,清河区,河畔路26号,4800,元/平方米,全款93折,2011-12-26
柠檬华苑,http://ningmenghuayuan.fang.com/,开发区,深圳路与南京路交叉口,4100,元/平方米,,2011-12-25
众城城市嘉苑,http://newhouse.huaian.fang.com/house/1826680346.htm,清浦区,港口路4号,11000,元/平方米,,2008-01-01
淮安国际农贸城,http://newhouse.huaian.fang.com/house/1826680340.htm,淮阴区,淮涟路与南昌路交汇处,3980,元/平方米,,2007-10-18
怡丰苑,http://newhouse.huaian.fang.com/house/1826656980.htm,淮阴区,沈阳路与纬五路交叉口,4200,元/平方米,全款98折,2007-10-28
都梁花苑,http://newhouse.huaian.fang.com/house/1826655580.htm,盱眙县,五墩西路,,,,2007-8-8
龙城新天地,http://newhouse.huaian.fang.com/house/1826655778.htm,盱眙县,金源北路盱马路口,2600,元/平方米,,2007-07
帝景蓝湾,http://dijinglanwan.fang.com/,涟水县,红日大道南侧金城路西侧,3400,元/平方米,,
东方世纪城,http://dongfangshijicheng0517.fang.com/,盱眙县,奥体中心南侧、墨香苑东侧,4900,元/平方米,全款97折,
盛世名门,http://newhouse.huaian.fang.com/house/1826655498.htm,清浦区,解放东路和天津路交叉口,5700,元/平方米,,
金鼎华府,http://jindinghuafu0517.fang.com/,盱眙县,都梁大道北段东侧山水广场南侧,,,,
东方豪城,http://dongfanghaocheng.fang.com/,开发区,正大路168号,4400,元/平方米,,2011-3-26
涟州花园,http://newhouse.huaian.fang.com/house/1826572022.htm,涟水县,涟州路东侧,3500,元/平方米,,
海通花园,http://haitonghuayuan.fang.com/,淮阴区,长江东路119号,4000,元/平方米,,
风荷丽景,http://fenghelijing.fang.com/,淮阴区,依云路（糖厂路）18号,4900,元/平方米,,
御庭园小区,http://yutingyuanxiaoqu.fang.com/,淮安区,华西路南侧、经九路西侧,,,,
楚东嘉苑,http://newhouse.huaian.fang.com/house/1826572502.htm,盱眙县,马坝镇街道（原食品站）,1500,元/平方米,,
东方佳苑,http://dongfangjiayuan0517.fang.com/,金湖县,城东新区国祥宾馆西侧,3400,元/平方米,,
东城景苑,http://newhouse.huaian.fang.com/house/1826658874.htm,开发区,深圳路与翔宇大道交界处,5480,元/平方米,,
兰亭熙园,http://lantingxiyuan0517.fang.com/,金湖县,人民路东朝阳路南,4100,元/平方米,,
仁和福邸,http://newhouse.huaian.fang.com/house/1826571142.htm,涟水县,中山路158号,3800,元/平方米,,
中兴名都,http://zhongxingmingdu.fang.com/,洪泽县,文化中心南侧,4600,元/平方米,,
欧洲城,http://newhouse.huaian.fang.com/house/1826658184.htm,清浦区,前进东路与航运路交界处,,,,
上海花园,http://shanghaihuayuan0517.fang.com/,金湖县,黎城镇蔬菜二组,,,,
锦绣家园,http://newhouse.huaian.fang.com/house/1826572542.htm,盱眙县,金源南路32号,2180,元/平方米,,
金都秀水,http://jinduxiushui.fang.com/,洪泽县,洪泽湖文化广场南侧（浔河桥边）,,,,
金华尚东国际,http://shangdongguojijh.fang.com/,开发区,深圳路1号,4288,元/平方米,,
阳光巴黎,http://yangguangbali0517.fang.com/,盱眙县,盱城东湖路北侧,4600,元/平方米,,
新港清华苑,http://qinghuayuanxg.fang.com/,涟水县,炎黄大道北侧、涟洲路西侧,3500,元/平方米,,
山水名邸,http://shanshuimingdi.fang.com/,开发区,珠海路69号（钵池山公园南门对面）,5200,元/平方米,,2010-7-17
金都花苑,http://newhouse.huaian.fang.com/house/1826572422.htm,金湖县,朝阳路19号,,,,
富民家园,http://fuminjiayuan0517.fang.com/,洪泽县,县城东五道南侧，东七街东侧,,,,
运河嘉苑,http://yunhejiayuan0517.fang.com/,淮安区,西长街西侧,,,,
中央御景园,http://yujingyuanzy.fang.com/,盱眙县,十里营大道（县政府南侧）,3900,元/平方米,,
凤凰花苑,http://fenghuanghuayuan0517.fang.com/,盱眙县,淮河镇政府东北侧,2400,元/平方米,,
惠源居花苑,http://newhouse.huaian.fang.com/house/1826572462.htm,盱眙县,淮河南路100号,2980,元/平方米,,
东城家园,http://dongchengjiayuan0517.fang.com/,淮安区,季桥镇同心路,,,,
嘉润苑,http://newhouse.huaian.fang.com/house/1826572902.htm,清浦区,新民东路18号,6300,元/平方米,,
兴达广场,http://xingdaguangchang.fang.com/,淮阴区,王兴镇青年路东侧，王淮南路南侧,2340,元/平方米,无,2011-10-31
清华苑,http://qinghuayuan0517.fang.com/,淮安区,楚涟路西侧,,,,
威尼斯现代广场,http://newhouse.huaian.fang.com/house/1826571862.htm,淮阴区,长江西路26号,6200,元/平方米,款96按揭98,
金泽源广场,http://jinzeyuanguangchang.fang.com/,涟水县,涟水县金城北路与涟洋南路交汇处,,,,
阳光花苑,http://yangguanghuayuan0517.fang.com/,清河区,西安北路（清河社会事业大厦）,4700,元/平方米,,2010-10-15
景秀湾嘉园,http://jingxiuwanjiayuan.fang.com/,金湖县,华海路西侧,,,,
金陵名府,http://newhouse.huaian.fang.com/house/1826573422.htm,淮安区,楚州大道209号,4600,元/平方米,,2010-08-20
御庭园三期,http://yutingyuan0517.fang.com/3/,淮安区,楚州华西路南侧、经九路西侧,,,,2010-7
豪景公园1号,http://haojinggongyuanyihao.fang.com/,淮阴区,北京西路168号,4500,元/平方米,买房送车位,2010-06-21
小太湖国际新城,http://guojixinchengxth.fang.com/,盱眙县,经济开发区中心位置,2800,元/平方米,暂无,
安芯智能港,http://newhouse.huaian.fang.com/house/1826835618.htm,洪泽县,东九道99号,,,,2010-04
农垦丽景苑,http://lijingyuannk.fang.com/,清河区,淮海西路228号（清河路与淮海西路交叉口）,5880,元/平方米,按揭全款98折,2009年10月
东方凯旋城,http://newhouse.huaian.fang.com/house/1826657218.htm,开发区,迎宾大道福州路交界口（福州北路1号）,4400,元/平方米,,2009年5月已经开盘
天下景城,http://newhouse.huaian.fang.com/house/1826708104.htm,涟水县,城市主题公园西侧（新法院以南）,3600,元/平方米,,2009-03-08
月季花园,http://yuejihuayuan.fang.com/,开发区,明远路1号（大学城淮阴工学院对面）,4000,元/平方米,141平56万,2009-02-12
天香花苑,http://newhouse.huaian.fang.com/house/1826572186.htm,开发区,深圳路（交警三大队旁）,5000,元/平方米,优惠2-3万元,2008-11-02
泽惠园小区,http://newhouse.huaian.fang.com/house/1826571062.htm,涟水县,坦克桥向东300米,,,,2008-10-16
运河明珠,http://newhouse.huaian.fang.com/house/1826658544.htm,清浦区,环城东路河南东路交汇处,8500,元/平方米,,2008-09-07
恒辉花园,http://newhouse.huaian.fang.com/house/1826672056.htm,清浦区,解放西路无线电厂地块,5150,元/平方米,,2008-8-31
金玉良苑,http://newhouse.huaian.fang.com/house/1826571184.htm,涟水县,红日大道与金城路交汇处,2200,元/平方米,,2008-06-01
金榜花园,http://newhouse.huaian.fang.com/house/1826658258.htm,开发区,高教园明远东路北侧（信息学院北门对面）,,,总价减3万,2008-04
金碧湖畔,http://newhouse.huaian.fang.com/house/1826658748.htm,淮阴区,北京东路与承德北路交汇处,4700,元/平方米,无,2008-01
罗马假日,http://newhouse.huaian.fang.com/house/1826658298.htm,开发区,开发区青岛路38号,4400,元/平方米,,2008-01-08
益兴名人湾,http://newhouse.huaian.fang.com/house/1826657098.htm,淮阴区,樱花路南侧,曙光路东侧,4500,元/平方米,无,2008-1-10
康城明珠南区,http://kangchengmingzhunanqu.fang.com/,清河区,清河区健康东路北侧,,,,
名都花苑雍景台,http://mingduhuayuanyongjingtai.fang.com/,清河区,清河区健康东路,,,,
清拖集团宿舍北院,http://qingtuojituansushebeiyuan.fang.com/,清河区,清河区圩北路,,,,
清拖集团宿舍南院,http://qingtuojituansushenanyuan.fang.com/,清河区,清河区圩北路,,,,
汇通市场,http://huitongshichang.fang.com/,清河区,清河区汇通市场,,,,
阳光苑,http://yangguangyuan0517.fang.com/,清河区,清河区桑园路,,,,
承德山庄,http://chengdeshanzhuang.fang.com/,清河区,清河区承德北路,,,,
时代花园,http://shidaihuayuan0517.fang.com/,清河区,交通路186号,,,,
清河区淮师宿舍,http://qinghequhuaishisushe.fang.com/,清河区,清河区桑园路淮阴师范学院东校区,,,,
清河区市政公司宿舍,http://qinghequshizhenggongsisushe.fang.com/,清河区,中经路28号,,,,
信息学院宿舍,http://xinxixueyuansushe0517.fang.com/,清河区,清河区北京北路77-1,,,,
府锦公寓,http://fujingongyu.fang.com/,清河区,建设路八号,,,,
苏减小区,http://sujianxiaoqu.fang.com/,清河区,淮海西路240号,,,,
清河区政府宿舍,http://qinghequzhengfusushe.fang.com/,清河区,清河区西安路81号,,,,
格林春天,http://gelinchuntian0517.fang.com/,盱眙县,金桂大道东侧苏郢水库北侧,3200,元/平方米,,
新城御景,http://xinchengyujing0517.fang.com/,盱眙县,县政府西侧,3100,元/平方米,,
新淮中花苑小区,http://xinhuaizhonghuayuan.fang.com/,淮安区,经九路南、纬四路东,6700,元/平方米,,
城市风尚,http://newhouse.huaian.fang.com/house/1826670140.htm,开发区,三亚路与飞耀路东南处,3100,元/平方米,,
锦绣京淮,http://jinxiujinghuai.fang.com/,清河区,北京北路177号,4600,元/平方米,,2010.11.20
大宁百货,http://daningbaihuo.fang.com/,淮阴区,淮阴区珠江路与北京北路交叉口,,,,
红杉墅（别墅）,http://esf.huaian.fang.com/house-xm1827133952/,开发区,深圳路与福州路交汇处,,,,
法兰郡（别墅）,http://esf.huaian.fang.com/house-xm1827133946/,清浦区,北京南路与枚乘路交汇处(阳光湖南岸）,,,,
东城江南,http://dongchengjiangnan2.fang.com/,开发区,淮安经济技术开发区合肥南路58号,,,,
天成花园,http://tianchenghuayuan0517.fang.com/,开发区,厦门西路24,,,,
望景苑,http://wangjingyuan0517.fang.com/,开发区,开发区珠海路103号,,,,
电机厂宿舍,http://dianjichangsushe0517.fang.com/,清河区,清河区西安路20号,,,,
康居花园,http://kangjuhuayuan0517.fang.com/,清河区,清河区健康西路南侧,,,,
水门小区,http://shuimenxiaoqu.fang.com/,清河区,清河区水门桥北200米,,,,
淮机总厂生活院,http://huaijizongchangshenghuoyuan.fang.com/,清河区,淮海西路南侧 清河路西侧,,,,
一品村,http://yipincun0517.fang.com/,清河区,清河路52号,,,,
光华苑,http://guanghuayuan0517.fang.com/,清河区,西安北路东 上海西路南,,,,
府升家苑,http://fushengjiayuan0517.fang.com/,淮阴区,淮阴区长江东路75-76号,,,,
花苑小区,http://huayuanxiaoqu0517.fang.com/,淮阴区,淮阴区香港路,,,,
国信金河世家,http://jinheshijiagx.fang.com/,淮阴区,淮阴区淮安市翔宇北道1号,,,,
金润城小区,http://jinrunchengxiaoqu.fang.com/,淮阴区,北京东路89号(淮师二附小对面),,,,
世邦领域小区,http://shibanglingyuxiaoqu.fang.com/,淮阴区,淮阴区北京东路与承德北路交界处,,,,
无名园,http://wumingyuan.fang.com/,清河区,清河区健康西路,,,,
富强村,http://fuqiangcun0517.fang.com/,清河区,清河区富强路,,,,
食品学院,http://shipinxueyuan0517.fang.com/,清河区,健康西路152号,,,,
民康小区,http://minkangxiaoqu0517.fang.com/,清河区,清河区银川路120号,,,,
现代国际新城,http://xiandaiguojixincheng0517.fang.com/,清浦区,淮安清浦区北京南路与枚皋路路口,,,,
高教区教师公寓,http://gaojiaoqujiaoshigongyu.fang.com/,清浦区,明远路与天津路交汇处,,,,
计经委宿舍,http://jijingweisushe.fang.com/,清浦区,延安西路159号,,,,
沙厂小区(南区),http://shachangxiaoqunanqu.fang.com/,清浦区,解放南路南侧 北京南路西侧,,,,
沙厂小区(北区),http://shachangxiaoqubeiqu.fang.com/,清浦区,解放西路北侧 北京南路西侧,,,,
电厂宿舍,http://dianchangsushe0517.fang.com/,清浦区,清浦区人民南路东侧,,,,
安邦小区,http://anbangxiaoqu.fang.com/,清浦区,承德南路72号,,,,
华新苑,http://huaxinyuan0517.fang.com/,清浦区,承德南路68,,,,
祥年华小区,http://xiangnianhuaxiaoqu.fang.com/,清浦区,承德南路与东大街交界处,,,,
日月星城(西区),http://riyuexingchengxiqu.fang.com/,清浦区,承德南路168号,,,,
华晨小区,http://huachenxiaoqu0517.fang.com/,清浦区,徐家湖路14号,,,,
锦秀小区,http://jinxinxiaoqu0517.fang.com/,清河区,青年路,,,,
恒厦综合楼,http://hengshazonghelou.fang.com/,清浦区,前进东路18,,,,
喜徕乐国际商贸城,http://xilaileguojishangmaocheng.fang.com/,清浦区,淮安市枚皋西路8号,,,,
假日龙湾,http://972232.fang.com/,其他,龙王山水库以北（盱眙龙泉湖国际旅游度假区内）,,,,
怡景美墅,http://yijingmeishuha.fang.com/,清河区,学院路39号,,,,
运东生态佳苑,http://yundongshengtaijiayuan.fang.com/,淮安区,运东村,,,,
建超财富广场,http://caifuguangchangjc.fang.com/,洪泽县,东七道与东七街交汇处,,,,
巴黎花苑,http://balihuayuan.fang.com/,洪泽县,洪泽县北京路3号,,,,
苹果墅,http://pingguoshu.fang.com/,清浦区,新民东路138号,,,,
翡翠城花园,http://feicuichenghuayuan.fang.com/,淮安区,关天培路翔宇小区对面,,,,
怡景美墅,http://yijingmeishu.fang.com/,清河区,学院路39号,,,,
天一瑞安,http://tianyiruian.fang.com/,清河区,水渡口大道以北，广州路以东（清河新区管委会东面）,,,,
加州城D区,http://jiazhouchengdqu.fang.com/,清河区,淮海西路,,,,
加州城C区,http://jiazhouchengcqu.fang.com/,清河区,淮海西路,,,,
益兴名流花苑南苑区,http://mingliuhuayuannanyuanquyx.fang.com/,清河区,军营西路,,,,
益兴名流花苑北苑区,http://mingliuhuayuanbeiyuanquyx.fang.com/,清河区,军营西路,,,,
气象局宿舍,http://qixiangjushushe.fang.com/,清河区,北京北路,,,,
淮上俊园,http://huaishangjunyuan.fang.com/,清河区,军营路20-1号,,,,
芙蓉园小区,http://furongyuan0517.fang.com/,淮阴区,北京北路,,,,
东大街综合市场,http://dongdajiezongheshichang.fang.com/,清浦区,东大街综合市场,,,,
瑞景苑小区,http://ruijingyuanxiaoqu.fang.com/,清河区,中经路5号,,,,
中意花园,http://zhongyihuayuan0517.fang.com/,淮阴区,北京北路西侧,,,,
金鼎御庭三期,http://jindingyutingsanqi.fang.com/,清河区,淮海西路127号,,,,
帝景华庭,http://dijinghuating0517.fang.com/,淮阴区,淮阴区北京西路186号,,,,
城市风景,http://chengshifengjing0517.fang.com/,开发区,苏州路,,,,
天成紫藤花园,http://zitenghuayuantc.fang.com/,开发区,厦门西路24号,,,,
高巢,http://gaochao0517.fang.com/,清河区,淮安市健康西路51号,,,,
畅园,http://changyuan0517.fang.com/,开发区,深圳路与韩泰路交汇处,,,,
东壹区,http://dongyiqu0517.fang.com/,清河区,健康东路118号（东大院南）,,,,
博德五金建材家居广场,http://newhouse.huaian.fang.com/house/1827044328.htm,开发区,深圳东路1号,5500,元/平方米,,2011-11-7
东城新天地,http://newhouse.huaian.fang.com/house/1827044606.htm,开发区,鸿海路北路6号（富士康正对面）,7500,元/平方米,5千抵1万,2011-11-11
欧蓓莎,http://newhouse.huaian.fang.com/house/1827044106.htm,淮阴区,淮阴区香港路与珠江路交汇处,13500,元/平方米,,2011-10-22
淮安中央皮革城,http://newhouse.huaian.fang.com/house/1827044074.htm,淮阴区,黄河东路（淮涟路）和南昌路交汇处以东200米,,,无,2011-10-28
淮安义乌小商品城,http://newhouse.huaian.fang.com/house/1827044218.htm,开发区,迎宾大道11号（原海口路与韩泰路交汇处，留学生创业园旁）,,,全款97折,2011-6-1
恒丰义乌城,http://newhouse.huaian.fang.com/house/1827044318.htm,淮安区,华西路汽车总站东侧,25000,元/平方米,无,2011年4月27日
联盛国际商业广场,http://newhouse.huaian.fang.com/house/1827044246.htm,清浦区,淮海南路105号(原清浦中学地块),,,,2011-01-15
河下新天地,http://newhouse.huaian.fang.com/house/1826680418.htm,淮安区,城西大道河下大桥北侧,8000,元/平方米,,2010-10
东城富景第一街,http://newhouse.huaian.fang.com/house/1826681060.htm,开发区,厦门东路和扬州街交汇处,6800,元/平方米,无,2010-8-16
中宏国际家居生活广场,http://newhouse.huaian.fang.com/house/1827040700.htm,清河区,清河新区水渡口大道南侧、广州街西侧,8000,元/平方米,,2010-08-01
东方家园二期,http://dongfangjiayuan0517.fang.com/2/,淮阴区,沈阳路西侧（淮安市淮海中学对面）,,,,
墨香苑,http://moxiangyuan0517.fang.com/,盱眙县,东湖南路北侧，都梁南路口,,,,
日月星城（东区）,http://riyuexingchengdongqu.fang.com/,清浦区,承德南路与前进路交汇处,,,,
玫瑰花苑,http://meiguihuayuan0517.fang.com/,清河区,上海西路42号,,,,
上上城,http://shangshangcheng0517.fang.com/,清河区,北京周边区北京东燕郊行宫东大街,,,,
中亿城市花园,http://chengshihuayuanzy0517.fang.com/,洪泽县,东风路南侧,,,,
淮安宏进农副产品物流中心,http://hongjinnongfuchanpinwuliuzhongxin0517.fang.com/,清浦区,淮海南路277号,7500,元/平方米,,2015年1月底一期开盘
魅力东方商业城,http://newhouse.huaian.fang.com/house/1827044300.htm,开发区,威海东路以北、徐杨中心路以西,7500,元/平方米,,2010-6-1
烨宸广场,http://yechenguangchang.fang.com/,清浦区,解放东路南侧，淮海南路东侧,5500,元/平方米,,
中国爱情小镇,http://zhongguoaiqingxiaozhen.fang.com/,清河区,水渡口大道北侧，湖滨路东侧，飞耀路西侧,,,,2014-10-5
宏元国际广场,http://guojiguangchanghy0517.fang.com/,清河区,淮海东路9号,,,,2016-6-30
新亚国际大厦,http://newhouse.huaian.fang.com/house/1827044168.htm,清河区,淮海东路138号,10000,元/平方米,全款94折,2011-11-11
浩源汽车博览城写字楼,http://newhouse.huaian.fang.com/house/1827049726.htm,清河区,清河新区水渡口大道121号,5,万元/套,无,2011-05
硅谷国际,http://newhouse.huaian.fang.com/house/1826670178.htm,开发区,景观路海口路与朝泰路交叉口,3898,元/平方米,,2008-06-01
丰惠财富广场,http://newhouse.huaian.fang.com/house/1827039640.htm,清河区,淮海东路与和平路交汇处,9500,元/平方米,,
金华尚东国际,http://newhouse.huaian.fang.com/house/1827044634.htm,开发区,深圳路1号,5500,元/平方米,,
东方金色家园,http://jinsejiayuandf.fang.com/,清浦区,前进东路,,,,
山水名都,http://shanshuimingdu.fang.com/,盱眙县,盱眙甘泉西路,,,,
化工二村,http://huagongercun0517.fang.com/,清浦区,解放西路,,,,
东湖小区,http://donghuxiaoqu0517.fang.com/,盱眙县,东湖路,,,,
前进小区农行宿舍,http://qianjinxiaoqunonghangsushe.fang.com/,淮阴区,前进街,,,,
食品城,http://shipincheng.fang.com/,清河区,食品城,,,,
弘康兴旺角,http://newhouse.huaian.fang.com/house/1827044810.htm,开发区,富士康路188号,5000,元/平方米,全款9折,2009-9-20
楚州精品装饰城,http://newhouse.huaian.fang.com/house/1826681218.htm,淮安区,新世纪商贸城原农公交班车站,3000,元/平方米,,2009-01
富顿中央,http://newhouse.huaian.fang.com/house/1826655780.htm,盱眙县,金源北路1号,,,,2008-5
徐杨商业街,http://newhouse.huaian.fang.com/house/1827044298.htm,开发区,老徐杨街南侧徐杨中心路西侧,6500,元/平方米,,2008-1
老子山新商业街,http://newhouse.huaian.fang.com/house/1826764076.htm,洪泽县,东风路96号建行正对面（喜莱健巷内）,4200,元/平方米,,2000-01-01
中瑞大厦,http://newhouse.huaian.fang.com/house/1827044080.htm,清河区,爱民路以北、电机路以西,20000,元/平方米,,
淮安万达广场商铺,http://esf.huaian.fang.com/shop-xm1827044274/,清河区,水渡口地区,,,,
浩源汽车博览城,http://esf.huaian.fang.com/shop-xm1827044090/,清河区,和平路和广州路交叉口,,,,
清河城市广场,http://esf.huaian.fang.com/shop-xm1827044082/,清河区,北京北路167号(上海路、北京路交叉口),,,,
清河城市广场,http://newhouse.huaian.fang.com/house/1827044812.htm,清河区,北京北路167号(上海路、北京路交叉口),6000,元/平方米,,2012-1
淮安义乌商贸城,http://yiwushangmaocheng0517.fang.com/,淮阴区,珠江路北侧，香港路西侧,15800,元/平方米,,2013-8-1
汇丰CBD中央广场,http://newhouse.huaian.fang.com/house/1827044278.htm,清河区,淮海东路与圩北路交汇处,36000,元/平方米,,2012-08-19
江苏淮安世界运河文化旅游区,http://shijieyunhewenhualvyouqu0517.fang.com/,清河区,翔宇大道88号,,,,
力宝广场,http://libaoguangchang0517.fang.com/,清河区,和平路南侧、翔宇大道西侧,,,,
瑞林国际广场,http://ruilinguojiguangchang.fang.com/,淮阴区,翔宇北道99号（翔宇北道与黄河东路东南角）,11000,元/平方米,按揭99折,2012-12-1
金湖广场,http://jinhuguangchang.fang.com/,金湖县,金湖西路与八四大道交汇处,6000,元/平方米,无,2012-12-22
国际龙虾不夜城,http://buyechenggjlx.fang.com/,盱眙县,马坝镇行政中心斜对面（宁连高速以东）,9000,元/平方米,,2012-6
环球好食汇,http://newhouse.huaian.fang.com/house/1827045500.htm,开发区,南京北路29号（火车南站向南200米）,16000,元/平方米,无,2012-5-1
老子山温泉艳阳度假酒店,http://lzswqyydjjd.fang.com/,洪泽县,江苏省淮安市洪泽县老子山镇十老路西侧,5400,元/平方米,全款98折,2012-03-15开盘推出一期房源
